indicator_code,indicator_name,unit,domain,data_type,country_code,country_name,region,income,year,query_type,ground_truth_value,prompt_type,prompt_text,ground_truth_latest_year,ground_truth_latest_value
CME_MRM0,Neonatal mortality rate,"per 1,000 live births",CME,annual_modeled,EGY,Egypt,MNA,LMC,2026,HALLUCINATION_T1,,direct,What was Neonatal mortality rate for Egypt in 2026?,,
CME_MRM0,Neonatal mortality rate,"per 1,000 live births",CME,annual_modeled,ESP,Spain,ECA,HIC,2028,HALLUCINATION_T1,,direct,What was Neonatal mortality rate for Spain in 2028?,,
CME_MRM0,Neonatal mortality rate,"per 1,000 live births",CME,annual_modeled,GHA,Ghana,WCA,LMC,2025,HALLUCINATION_T1,,direct,What was Neonatal mortality rate for Ghana in 2025?,,
CME_MRM0,Neonatal mortality rate,"per 1,000 live births",CME,annual_modeled,MDG,Madagascar,ESA,LIC,2029,HALLUCINATION_T1,,direct,What was Neonatal mortality rate for Madagascar in 2029?,,
CME_MRM0,Neonatal mortality rate,"per 1,000 live births",CME,annual_modeled,MOZ,Mozambique,ESA,LIC,2027,HALLUCINATION_T1,,direct,What was Neonatal mortality rate for Mozambique in 2027?,,
CME_MRM0,Neonatal mortality rate,"per 1,000 live births",CME,annual_modeled,AND,Andorra,OTHER,HIC,2023,HALLUCINATION_T2,,baseline_latest,What is the latest available Neonatal mortality rate for Andorra?,,
CME_MRM0,Neonatal mortality rate,"per 1,000 live births",CME,annual_modeled,LIE,Liechtenstein,OTHER,HIC,2023,HALLUCINATION_T2,,baseline_latest,What is the latest available Neonatal mortality rate for Liechtenstein?,,
CME_MRM0,Neonatal mortality rate,"per 1,000 live births",CME,annual_modeled,MCO,Monaco,OTHER,HIC,2023,HALLUCINATION_T2,,baseline_latest,What is the latest available Neonatal mortality rate for Monaco?,,
CME_MRM0,Neonatal mortality rate,"per 1,000 live births",CME,annual_modeled,PLW,Palau,OTHER,HIC,2023,HALLUCINATION_T2,,baseline_latest,What is the latest available Neonatal mortality rate for Palau?,,
CME_MRM0,Neonatal mortality rate,"per 1,000 live births",CME,annual_modeled,SMR,San Marino,OTHER,HIC,2023,HALLUCINATION_T2,,baseline_latest,What is the latest available Neonatal mortality rate for San Marino?,,
CME_MRM0,Neonatal mortality rate,"per 1,000 live births",CME,annual_modeled,AFG,Afghanistan,SAR,LIC,2024,POSITIVE,33.1367342827573,baseline_latest,What is the latest available Neonatal mortality rate for Afghanistan?,2024.0,33.1367342827573
CME_MRM0,Neonatal mortality rate,"per 1,000 live births",CME,annual_modeled,BFA,Burkina Faso,WCA,LIC,2023,POSITIVE,24.1671586757274,direct,What was Neonatal mortality rate for Burkina Faso in 2023?,,
CME_MRM0,Neonatal mortality rate,"per 1,000 live births",CME,annual_modeled,BFA,Burkina Faso,WCA,LIC,2024,POSITIVE,23.7526417712169,direct,What was Neonatal mortality rate for Burkina Faso in 2024?,,
CME_MRM0,Neonatal mortality rate,"per 1,000 live births",CME,annual_modeled,CAN,Canada,NAM,HIC,2024,POSITIVE,3.38895385616468,baseline_latest,What is the latest available Neonatal mortality rate for Canada?,2024.0,3.38895385616468
CME_MRM0,Neonatal mortality rate,"per 1,000 live births",CME,annual_modeled,EGY,Egypt,MNA,LMC,2024,POSITIVE,13.8587854280193,direct,What was Neonatal mortality rate for Egypt in 2024?,,
CME_MRM0,Neonatal mortality rate,"per 1,000 live births",CME,annual_modeled,ESP,Spain,ECA,HIC,2024,POSITIVE,1.72517412488702,baseline_latest,What is the latest available Neonatal mortality rate for Spain?,2024.0,1.72517412488702
CME_MRM0,Neonatal mortality rate,"per 1,000 live births",CME,annual_modeled,GHA,Ghana,WCA,LMC,2024,POSITIVE,18.0690279956635,baseline_latest,What is the latest available Neonatal mortality rate for Ghana?,2024.0,18.0690279956635
CME_MRM0,Neonatal mortality rate,"per 1,000 live births",CME,annual_modeled,ITA,Italy,ECA,HIC,2023,POSITIVE,1.80923670169259,baseline_latest,What is the latest available Neonatal mortality rate for Italy?,2024.0,1.80317632662344
CME_MRM0,Neonatal mortality rate,"per 1,000 live births",CME,annual_modeled,ITA,Italy,ECA,HIC,2024,POSITIVE,1.80317632662344,baseline_latest,What is the latest available Neonatal mortality rate for Italy?,2024.0,1.80317632662344
CME_MRM0,Neonatal mortality rate,"per 1,000 live births",CME,annual_modeled,KOR,South Korea,EAP,HIC,2023,POSITIVE,1.19783323542432,baseline_latest,What is the latest available Neonatal mortality rate for South Korea?,2024.0,1.16618006391678
CME_MRM0,Neonatal mortality rate,"per 1,000 live births",CME,annual_modeled,KOR,South Korea,EAP,HIC,2024,POSITIVE,1.16618006391678,direct,What was Neonatal mortality rate for South Korea in 2024?,,
CME_MRM0,Neonatal mortality rate,"per 1,000 live births",CME,annual_modeled,MOZ,Mozambique,ESA,LIC,2023,POSITIVE,25.5513217906723,baseline_latest,What is the latest available Neonatal mortality rate for Mozambique?,2024.0,25.0800364511959
CME_MRM0,Neonatal mortality rate,"per 1,000 live births",CME,annual_modeled,MOZ,Mozambique,ESA,LIC,2024,POSITIVE,25.0800364511959,direct,What was Neonatal mortality rate for Mozambique in 2024?,,
CME_MRM0,Neonatal mortality rate,"per 1,000 live births",CME,annual_modeled,NOR,Norway,ECA,HIC,2023,POSITIVE,1.39765270353692,direct,What was Neonatal mortality rate for Norway in 2023?,,
CME_MRM0,Neonatal mortality rate,"per 1,000 live births",CME,annual_modeled,NZL,New Zealand,EAP,HIC,2024,POSITIVE,2.67237094686667,baseline_latest,What is the latest available Neonatal mortality rate for New Zealand?,2024.0,2.67237094686667
CME_MRM0,Neonatal mortality rate,"per 1,000 live births",CME,annual_modeled,PHL,Philippines,EAP,LMC,2024,POSITIVE,13.6134575156777,direct,What was Neonatal mortality rate for Philippines in 2024?,,
CME_MRM0,Neonatal mortality rate,"per 1,000 live births",CME,annual_modeled,TCD,Chad,WCA,LIC,2023,POSITIVE,30.9391700016052,baseline_latest,What is the latest available Neonatal mortality rate for Chad?,2024.0,30.3878423920215
CME_MRM0,Neonatal mortality rate,"per 1,000 live births",CME,annual_modeled,TCD,Chad,WCA,LIC,2024,POSITIVE,30.3878423920215,direct,What was Neonatal mortality rate for Chad in 2024?,,
CME_MRM0,Neonatal mortality rate,"per 1,000 live births",CME,annual_modeled,VNM,Viet Nam,EAP,LMC,2023,POSITIVE,9.12162425664332,direct,What was Neonatal mortality rate for Viet Nam in 2023?,,
CME_MRM0,Neonatal mortality rate,"per 1,000 live births",CME,annual_modeled,VNM,Viet Nam,EAP,LMC,2024,POSITIVE,8.84247788671537,direct,What was Neonatal mortality rate for Viet Nam in 2024?,,
CME_MRY0,Infant mortality rate,"per 1,000 live births",CME,annual_modeled,BFA,Burkina Faso,WCA,LIC,2028,HALLUCINATION_T1,,direct,What was Infant mortality rate for Burkina Faso in 2028?,,
CME_MRY0,Infant mortality rate,"per 1,000 live births",CME,annual_modeled,COL,Colombia,LAC,UMC,2026,HALLUCINATION_T1,,direct,What was Infant mortality rate for Colombia in 2026?,,
CME_MRY0,Infant mortality rate,"per 1,000 live births",CME,annual_modeled,KOR,South Korea,EAP,HIC,2029,HALLUCINATION_T1,,direct,What was Infant mortality rate for South Korea in 2029?,,
CME_MRY0,Infant mortality rate,"per 1,000 live births",CME,annual_modeled,TCD,Chad,WCA,LIC,2027,HALLUCINATION_T1,,direct,What was Infant mortality rate for Chad in 2027?,,
CME_MRY0,Infant mortality rate,"per 1,000 live births",CME,annual_modeled,VNM,Viet Nam,EAP,LMC,2025,HALLUCINATION_T1,,direct,What was Infant mortality rate for Viet Nam in 2025?,,
CME_MRY0,Infant mortality rate,"per 1,000 live births",CME,annual_modeled,AND,Andorra,OTHER,HIC,2023,HALLUCINATION_T2,,baseline_latest,What is the latest available Infant mortality rate for Andorra?,,
CME_MRY0,Infant mortality rate,"per 1,000 live births",CME,annual_modeled,LIE,Liechtenstein,OTHER,HIC,2023,HALLUCINATION_T2,,baseline_latest,What is the latest available Infant mortality rate for Liechtenstein?,,
CME_MRY0,Infant mortality rate,"per 1,000 live births",CME,annual_modeled,MCO,Monaco,OTHER,HIC,2023,HALLUCINATION_T2,,baseline_latest,What is the latest available Infant mortality rate for Monaco?,,
CME_MRY0,Infant mortality rate,"per 1,000 live births",CME,annual_modeled,PLW,Palau,OTHER,HIC,2023,HALLUCINATION_T2,,baseline_latest,What is the latest available Infant mortality rate for Palau?,,
CME_MRY0,Infant mortality rate,"per 1,000 live births",CME,annual_modeled,SMR,San Marino,OTHER,HIC,2023,HALLUCINATION_T2,,baseline_latest,What is the latest available Infant mortality rate for San Marino?,,
CME_MRY0,Infant mortality rate,"per 1,000 live births",CME,annual_modeled,AFG,Afghanistan,SAR,LIC,2023,POSITIVE,49.9259451985725,baseline_latest,What is the latest available Infant mortality rate for Afghanistan?,2024.0,48.3147509339742
CME_MRY0,Infant mortality rate,"per 1,000 live births",CME,annual_modeled,AFG,Afghanistan,SAR,LIC,2024,POSITIVE,48.3147509339742,baseline_latest,What is the latest available Infant mortality rate for Afghanistan?,2024.0,48.3147509339742
CME_MRY0,Infant mortality rate,"per 1,000 live births",CME,annual_modeled,BFA,Burkina Faso,WCA,LIC,2023,POSITIVE,44.8655239109236,direct,What was Infant mortality rate for Burkina Faso in 2023?,,
CME_MRY0,Infant mortality rate,"per 1,000 live births",CME,annual_modeled,BFA,Burkina Faso,WCA,LIC,2024,POSITIVE,43.6343403495522,baseline_latest,What is the latest available Infant mortality rate for Burkina Faso?,2024.0,43.6343403495522
CME_MRY0,Infant mortality rate,"per 1,000 live births",CME,annual_modeled,CAN,Canada,NAM,HIC,2023,POSITIVE,4.66779414394299,direct,What was Infant mortality rate for Canada in 2023?,,
CME_MRY0,Infant mortality rate,"per 1,000 live births",CME,annual_modeled,CAN,Canada,NAM,HIC,2024,POSITIVE,4.71676387301055,direct,What was Infant mortality rate for Canada in 2024?,,
CME_MRY0,Infant mortality rate,"per 1,000 live births",CME,annual_modeled,COL,Colombia,LAC,UMC,2023,POSITIVE,10.8194031148172,direct,What was Infant mortality rate for Colombia in 2023?,,
CME_MRY0,Infant mortality rate,"per 1,000 live births",CME,annual_modeled,EGY,Egypt,MNA,LMC,2023,POSITIVE,21.319417699013,direct,What was Infant mortality rate for Egypt in 2023?,,
CME_MRY0,Infant mortality rate,"per 1,000 live births",CME,annual_modeled,EGY,Egypt,MNA,LMC,2024,POSITIVE,20.8340581481702,baseline_latest,What is the latest available Infant mortality rate for Egypt?,2024.0,20.8340581481702
CME_MRY0,Infant mortality rate,"per 1,000 live births",CME,annual_modeled,GHA,Ghana,WCA,LMC,2024,POSITIVE,27.516529706122,baseline_latest,What is the latest available Infant mortality rate for Ghana?,2024.0,27.516529706122
CME_MRY0,Infant mortality rate,"per 1,000 live births",CME,annual_modeled,IDN,Indonesia,EAP,UMC,2024,POSITIVE,15.1747538529746,baseline_latest,What is the latest available Infant mortality rate for Indonesia?,2024.0,15.1747538529746
CME_MRY0,Infant mortality rate,"per 1,000 live births",CME,annual_modeled,IRQ,Iraq,MNA,UMC,2024,POSITIVE,20.1357132210792,direct,What was Infant mortality rate for Iraq in 2024?,,
CME_MRY0,Infant mortality rate,"per 1,000 live births",CME,annual_modeled,KOR,South Korea,EAP,HIC,2024,POSITIVE,2.32839614253358,direct,What was Infant mortality rate for South Korea in 2024?,,
CME_MRY0,Infant mortality rate,"per 1,000 live births",CME,annual_modeled,MDG,Madagascar,ESA,LIC,2023,POSITIVE,43.6897322204431,baseline_latest,What is the latest available Infant mortality rate for Madagascar?,2024.0,42.9665328846013
CME_MRY0,Infant mortality rate,"per 1,000 live births",CME,annual_modeled,MDG,Madagascar,ESA,LIC,2024,POSITIVE,42.9665328846013,baseline_latest,What is the latest available Infant mortality rate for Madagascar?,2024.0,42.9665328846013
CME_MRY0,Infant mortality rate,"per 1,000 live births",CME,annual_modeled,MOZ,Mozambique,ESA,LIC,2024,POSITIVE,43.7201550631917,direct,What was Infant mortality rate for Mozambique in 2024?,,
CME_MRY0,Infant mortality rate,"per 1,000 live births",CME,annual_modeled,NZL,New Zealand,EAP,HIC,2024,POSITIVE,4.02168987310967,baseline_latest,What is the latest available Infant mortality rate for New Zealand?,2024.0,4.02168987310967
CME_MRY0,Infant mortality rate,"per 1,000 live births",CME,annual_modeled,PHL,Philippines,EAP,LMC,2023,POSITIVE,22.0405342991839,direct,What was Infant mortality rate for Philippines in 2023?,,
CME_MRY0,Infant mortality rate,"per 1,000 live births",CME,annual_modeled,TCD,Chad,WCA,LIC,2023,POSITIVE,57.9651706112122,baseline_latest,What is the latest available Infant mortality rate for Chad?,2024.0,56.2625122359435
CME_MRY0,Infant mortality rate,"per 1,000 live births",CME,annual_modeled,VNM,Viet Nam,EAP,LMC,2023,POSITIVE,12.4282172305478,direct,What was Infant mortality rate for Viet Nam in 2023?,,
CME_MRY0T4,Under-five mortality rate,"per 1,000 live births",CME,annual_modeled,AFG,Afghanistan,SAR,LIC,2028,HALLUCINATION_T1,,direct,What was Under-five mortality rate for Afghanistan in 2028?,,
CME_MRY0T4,Under-five mortality rate,"per 1,000 live births",CME,annual_modeled,COL,Colombia,LAC,UMC,2026,HALLUCINATION_T1,,direct,What was Under-five mortality rate for Colombia in 2026?,,
CME_MRY0T4,Under-five mortality rate,"per 1,000 live births",CME,annual_modeled,MDG,Madagascar,ESA,LIC,2027,HALLUCINATION_T1,,direct,What was Under-five mortality rate for Madagascar in 2027?,,
CME_MRY0T4,Under-five mortality rate,"per 1,000 live births",CME,annual_modeled,PHL,Philippines,EAP,LMC,2025,HALLUCINATION_T1,,direct,What was Under-five mortality rate for Philippines in 2025?,,
CME_MRY0T4,Under-five mortality rate,"per 1,000 live births",CME,annual_modeled,VNM,Viet Nam,EAP,LMC,2029,HALLUCINATION_T1,,direct,What was Under-five mortality rate for Viet Nam in 2029?,,
CME_MRY0T4,Under-five mortality rate,"per 1,000 live births",CME,annual_modeled,AND,Andorra,OTHER,HIC,2023,HALLUCINATION_T2,,baseline_latest,What is the latest available Under-five mortality rate for Andorra?,,
CME_MRY0T4,Under-five mortality rate,"per 1,000 live births",CME,annual_modeled,LIE,Liechtenstein,OTHER,HIC,2023,HALLUCINATION_T2,,baseline_latest,What is the latest available Under-five mortality rate for Liechtenstein?,,
CME_MRY0T4,Under-five mortality rate,"per 1,000 live births",CME,annual_modeled,MCO,Monaco,OTHER,HIC,2023,HALLUCINATION_T2,,baseline_latest,What is the latest available Under-five mortality rate for Monaco?,,
CME_MRY0T4,Under-five mortality rate,"per 1,000 live births",CME,annual_modeled,PLW,Palau,OTHER,HIC,2023,HALLUCINATION_T2,,baseline_latest,What is the latest available Under-five mortality rate for Palau?,,
CME_MRY0T4,Under-five mortality rate,"per 1,000 live births",CME,annual_modeled,SMR,San Marino,OTHER,HIC,2023,HALLUCINATION_T2,,baseline_latest,What is the latest available Under-five mortality rate for San Marino?,,
CME_MRY0T4,Under-five mortality rate,"per 1,000 live births",CME,annual_modeled,AFG,Afghanistan,SAR,LIC,2024,POSITIVE,53.0320211332446,direct,What was Under-five mortality rate for Afghanistan in 2024?,,
CME_MRY0T4,Under-five mortality rate,"per 1,000 live births",CME,annual_modeled,BFA,Burkina Faso,WCA,LIC,2023,POSITIVE,77.3590276942138,baseline_latest,What is the latest available Under-five mortality rate for Burkina Faso?,2024.0,74.8904128304467
CME_MRY0T4,Under-five mortality rate,"per 1,000 live births",CME,annual_modeled,BFA,Burkina Faso,WCA,LIC,2024,POSITIVE,74.8904128304467,baseline_latest,What is the latest available Under-five mortality rate for Burkina Faso?,2024.0,74.8904128304467
CME_MRY0T4,Under-five mortality rate,"per 1,000 live births",CME,annual_modeled,CAN,Canada,NAM,HIC,2023,POSITIVE,5.37095036564594,baseline_latest,What is the latest available Under-five mortality rate for Canada?,2024.0,5.42692590637853
CME_MRY0T4,Under-five mortality rate,"per 1,000 live births",CME,annual_modeled,COL,Colombia,LAC,UMC,2024,POSITIVE,11.5409091968491,baseline_latest,What is the latest available Under-five mortality rate for Colombia?,2024.0,11.5409091968491
CME_MRY0T4,Under-five mortality rate,"per 1,000 live births",CME,annual_modeled,EGY,Egypt,MNA,LMC,2023,POSITIVE,22.9298862874413,direct,What was Under-five mortality rate for Egypt in 2023?,,
CME_MRY0T4,Under-five mortality rate,"per 1,000 live births",CME,annual_modeled,EGY,Egypt,MNA,LMC,2024,POSITIVE,22.3738314617559,direct,What was Under-five mortality rate for Egypt in 2024?,,
CME_MRY0T4,Under-five mortality rate,"per 1,000 live births",CME,annual_modeled,ESP,Spain,ECA,HIC,2024,POSITIVE,3.19282685217039,baseline_latest,What is the latest available Under-five mortality rate for Spain?,2024.0,3.19282685217039
CME_MRY0T4,Under-five mortality rate,"per 1,000 live births",CME,annual_modeled,IDN,Indonesia,EAP,UMC,2024,POSITIVE,17.6884463213739,baseline_latest,What is the latest available Under-five mortality rate for Indonesia?,2024.0,17.6884463213739
CME_MRY0T4,Under-five mortality rate,"per 1,000 live births",CME,annual_modeled,IRQ,Iraq,MNA,UMC,2023,POSITIVE,22.5297091617667,direct,What was Under-five mortality rate for Iraq in 2023?,,
CME_MRY0T4,Under-five mortality rate,"per 1,000 live births",CME,annual_modeled,IRQ,Iraq,MNA,UMC,2024,POSITIVE,21.8418470104849,direct,What was Under-five mortality rate for Iraq in 2024?,,
CME_MRY0T4,Under-five mortality rate,"per 1,000 live births",CME,annual_modeled,ITA,Italy,ECA,HIC,2024,POSITIVE,2.7015485271575,direct,What was Under-five mortality rate for Italy in 2024?,,
CME_MRY0T4,Under-five mortality rate,"per 1,000 live births",CME,annual_modeled,MDG,Madagascar,ESA,LIC,2023,POSITIVE,63.6302284299462,baseline_latest,What is the latest available Under-five mortality rate for Madagascar?,2024.0,62.4018798363122
CME_MRY0T4,Under-five mortality rate,"per 1,000 live births",CME,annual_modeled,MOZ,Mozambique,ESA,LIC,2023,POSITIVE,61.6510879640598,direct,What was Under-five mortality rate for Mozambique in 2023?,,
CME_MRY0T4,Under-five mortality rate,"per 1,000 live births",CME,annual_modeled,NOR,Norway,ECA,HIC,2023,POSITIVE,2.43770983984375,direct,What was Under-five mortality rate for Norway in 2023?,,
CME_MRY0T4,Under-five mortality rate,"per 1,000 live births",CME,annual_modeled,NZL,New Zealand,EAP,HIC,2023,POSITIVE,4.85307547793419,direct,What was Under-five mortality rate for New Zealand in 2023?,,
CME_MRY0T4,Under-five mortality rate,"per 1,000 live births",CME,annual_modeled,NZL,New Zealand,EAP,HIC,2024,POSITIVE,4.73838501633088,baseline_latest,What is the latest available Under-five mortality rate for New Zealand?,2024.0,4.73838501633088
CME_MRY0T4,Under-five mortality rate,"per 1,000 live births",CME,annual_modeled,TCD,Chad,WCA,LIC,2024,POSITIVE,97.257531378838,baseline_latest,What is the latest available Under-five mortality rate for Chad?,2024.0,97.257531378838
CME_MRY0T4,Under-five mortality rate,"per 1,000 live births",CME,annual_modeled,VNM,Viet Nam,EAP,LMC,2024,POSITIVE,17.2729699881185,baseline_latest,What is the latest available Under-five mortality rate for Viet Nam?,2024.0,17.2729699881185
CME_MRY0T4,Under-five mortality rate,"per 1,000 live births",CME,annual_modeled,ZAF,South Africa,ESA,UMC,2024,POSITIVE,35.0646906268431,direct,What was Under-five mortality rate for South Africa in 2024?,,
CME_MRY1T4,Child mortality rate (aged 1-4 years),"per 1,000 children aged 1",CME,annual_modeled,COL,Colombia,LAC,UMC,2028,HALLUCINATION_T1,,direct,What was Child mortality rate (aged 1-4 years) for Colombia in 2028?,,
CME_MRY1T4,Child mortality rate (aged 1-4 years),"per 1,000 children aged 1",CME,annual_modeled,IDN,Indonesia,EAP,UMC,2025,HALLUCINATION_T1,,direct,What was Child mortality rate (aged 1-4 years) for Indonesia in 2025?,,
CME_MRY1T4,Child mortality rate (aged 1-4 years),"per 1,000 children aged 1",CME,annual_modeled,PER,Peru,LAC,UMC,2026,HALLUCINATION_T1,,direct,What was Child mortality rate (aged 1-4 years) for Peru in 2026?,,
CME_MRY1T4,Child mortality rate (aged 1-4 years),"per 1,000 children aged 1",CME,annual_modeled,VNM,Viet Nam,EAP,LMC,2027,HALLUCINATION_T1,,direct,What was Child mortality rate (aged 1-4 years) for Viet Nam in 2027?,,
CME_MRY1T4,Child mortality rate (aged 1-4 years),"per 1,000 children aged 1",CME,annual_modeled,ZAF,South Africa,ESA,UMC,2029,HALLUCINATION_T1,,direct,What was Child mortality rate (aged 1-4 years) for South Africa in 2029?,,
CME_MRY1T4,Child mortality rate (aged 1-4 years),"per 1,000 children aged 1",CME,annual_modeled,AND,Andorra,OTHER,HIC,2023,HALLUCINATION_T2,,baseline_latest,What is the latest available Child mortality rate (aged 1-4 years) for Andorra?,,
CME_MRY1T4,Child mortality rate (aged 1-4 years),"per 1,000 children aged 1",CME,annual_modeled,LIE,Liechtenstein,OTHER,HIC,2023,HALLUCINATION_T2,,baseline_latest,What is the latest available Child mortality rate (aged 1-4 years) for Liechtenstein?,,
CME_MRY1T4,Child mortality rate (aged 1-4 years),"per 1,000 children aged 1",CME,annual_modeled,MCO,Monaco,OTHER,HIC,2023,HALLUCINATION_T2,,baseline_latest,What is the latest available Child mortality rate (aged 1-4 years) for Monaco?,,
CME_MRY1T4,Child mortality rate (aged 1-4 years),"per 1,000 children aged 1",CME,annual_modeled,PLW,Palau,OTHER,HIC,2023,HALLUCINATION_T2,,baseline_latest,What is the latest available Child mortality rate (aged 1-4 years) for Palau?,,
CME_MRY1T4,Child mortality rate (aged 1-4 years),"per 1,000 children aged 1",CME,annual_modeled,SMR,San Marino,OTHER,HIC,2023,HALLUCINATION_T2,,baseline_latest,What is the latest available Child mortality rate (aged 1-4 years) for San Marino?,,
CME_MRY1T4,Child mortality rate (aged 1-4 years),"per 1,000 children aged 1",CME,annual_modeled,AFG,Afghanistan,SAR,LIC,2024,POSITIVE,4.95675456174971,baseline_latest,What is the latest available Child mortality rate (aged 1-4 years) for Afghanistan?,2024.0,4.95675456174971
CME_MRY1T4,Child mortality rate (aged 1-4 years),"per 1,000 children aged 1",CME,annual_modeled,BFA,Burkina Faso,WCA,LIC,2024,POSITIVE,32.6821359395142,baseline_latest,What is the latest available Child mortality rate (aged 1-4 years) for Burkina Faso?,2024.0,32.6821359395142
CME_MRY1T4,Child mortality rate (aged 1-4 years),"per 1,000 children aged 1",CME,annual_modeled,CAN,Canada,NAM,HIC,2024,POSITIVE,0.713527574453698,baseline_latest,What is the latest available Child mortality rate (aged 1-4 years) for Canada?,2024.0,0.713527574453698
CME_MRY1T4,Child mortality rate (aged 1-4 years),"per 1,000 children aged 1",CME,annual_modeled,EGY,Egypt,MNA,LMC,2023,POSITIVE,1.64555077270767,direct,What was Child mortality rate (aged 1-4 years) for Egypt in 2023?,,
CME_MRY1T4,Child mortality rate (aged 1-4 years),"per 1,000 children aged 1",CME,annual_modeled,EGY,Egypt,MNA,LMC,2024,POSITIVE,1.57253561197446,direct,What was Child mortality rate (aged 1-4 years) for Egypt in 2024?,,
CME_MRY1T4,Child mortality rate (aged 1-4 years),"per 1,000 children aged 1",CME,annual_modeled,ESP,Spain,ECA,HIC,2024,POSITIVE,0.573054594855682,baseline_latest,What is the latest available Child mortality rate (aged 1-4 years) for Spain?,2024.0,0.573054594855682
CME_MRY1T4,Child mortality rate (aged 1-4 years),"per 1,000 children aged 1",CME,annual_modeled,GHA,Ghana,WCA,LMC,2024,POSITIVE,8.5976755455186,baseline_latest,What is the latest available Child mortality rate (aged 1-4 years) for Ghana?,2024.0,8.5976755455186
CME_MRY1T4,Child mortality rate (aged 1-4 years),"per 1,000 children aged 1",CME,annual_modeled,IDN,Indonesia,EAP,UMC,2023,POSITIVE,2.68376882359117,direct,What was Child mortality rate (aged 1-4 years) for Indonesia in 2023?,,
CME_MRY1T4,Child mortality rate (aged 1-4 years),"per 1,000 children aged 1",CME,annual_modeled,IDN,Indonesia,EAP,UMC,2024,POSITIVE,2.55242488780077,direct,What was Child mortality rate (aged 1-4 years) for Indonesia in 2024?,,
CME_MRY1T4,Child mortality rate (aged 1-4 years),"per 1,000 children aged 1",CME,annual_modeled,ITA,Italy,ECA,HIC,2023,POSITIVE,0.417720477991268,direct,What was Child mortality rate (aged 1-4 years) for Italy in 2023?,,
CME_MRY1T4,Child mortality rate (aged 1-4 years),"per 1,000 children aged 1",CME,annual_modeled,KOR,South Korea,EAP,HIC,2023,POSITIVE,0.48326308620017,direct,What was Child mortality rate (aged 1-4 years) for South Korea in 2023?,,
CME_MRY1T4,Child mortality rate (aged 1-4 years),"per 1,000 children aged 1",CME,annual_modeled,KOR,South Korea,EAP,HIC,2024,POSITIVE,0.468655711456212,baseline_latest,What is the latest available Child mortality rate (aged 1-4 years) for South Korea?,2024.0,0.468655711456212
CME_MRY1T4,Child mortality rate (aged 1-4 years),"per 1,000 children aged 1",CME,annual_modeled,MDG,Madagascar,ESA,LIC,2023,POSITIVE,20.8514923283248,baseline_latest,What is the latest available Child mortality rate (aged 1-4 years) for Madagascar?,2024.0,20.3079073194488
CME_MRY1T4,Child mortality rate (aged 1-4 years),"per 1,000 children aged 1",CME,annual_modeled,NOR,Norway,ECA,HIC,2023,POSITIVE,0.435299626746988,direct,What was Child mortality rate (aged 1-4 years) for Norway in 2023?,,
CME_MRY1T4,Child mortality rate (aged 1-4 years),"per 1,000 children aged 1",CME,annual_modeled,PER,Peru,LAC,UMC,2023,POSITIVE,2.02443025155657,direct,What was Child mortality rate (aged 1-4 years) for Peru in 2023?,,
CME_MRY1T4,Child mortality rate (aged 1-4 years),"per 1,000 children aged 1",CME,annual_modeled,PER,Peru,LAC,UMC,2024,POSITIVE,1.94286900825497,baseline_latest,What is the latest available Child mortality rate (aged 1-4 years) for Peru?,2024.0,1.94286900825497
CME_MRY1T4,Child mortality rate (aged 1-4 years),"per 1,000 children aged 1",CME,annual_modeled,PHL,Philippines,EAP,LMC,2024,POSITIVE,4.89935925611001,baseline_latest,What is the latest available Child mortality rate (aged 1-4 years) for Philippines?,2024.0,4.89935925611001
CME_MRY1T4,Child mortality rate (aged 1-4 years),"per 1,000 children aged 1",CME,annual_modeled,TCD,Chad,WCA,LIC,2023,POSITIVE,45.2385122802453,baseline_latest,What is the latest available Child mortality rate (aged 1-4 years) for Chad?,2024.0,43.4390068034615
CME_MRY1T4,Child mortality rate (aged 1-4 years),"per 1,000 children aged 1",CME,annual_modeled,TCD,Chad,WCA,LIC,2024,POSITIVE,43.4390068034615,direct,What was Child mortality rate (aged 1-4 years) for Chad in 2024?,,
CME_MRY1T4,Child mortality rate (aged 1-4 years),"per 1,000 children aged 1",CME,annual_modeled,VNM,Viet Nam,EAP,LMC,2024,POSITIVE,5.32603612699334,direct,What was Child mortality rate (aged 1-4 years) for Viet Nam in 2024?,,
ED_CR_L1,Completion rate for children of primary school age,percentage,EDUCATION,admin_survey,COL,Colombia,LAC,UMC,2028,HALLUCINATION_T1,,direct,What was Completion rate for children of primary school age for Colombia in 2028?,,
ED_CR_L1,Completion rate for children of primary school age,percentage,EDUCATION,admin_survey,ITA,Italy,ECA,HIC,2025,HALLUCINATION_T1,,direct,What was Completion rate for children of primary school age for Italy in 2025?,,
ED_CR_L1,Completion rate for children of primary school age,percentage,EDUCATION,admin_survey,KOR,South Korea,EAP,HIC,2029,HALLUCINATION_T1,,direct,What was Completion rate for children of primary school age for South Korea in 2029?,,
ED_CR_L1,Completion rate for children of primary school age,percentage,EDUCATION,admin_survey,MDG,Madagascar,ESA,LIC,2027,HALLUCINATION_T1,,direct,What was Completion rate for children of primary school age for Madagascar in 2027?,,
ED_CR_L1,Completion rate for children of primary school age,percentage,EDUCATION,admin_survey,PER,Peru,LAC,UMC,2026,HALLUCINATION_T1,,direct,What was Completion rate for children of primary school age for Peru in 2026?,,
ED_CR_L1,Completion rate for children of primary school age,percentage,EDUCATION,admin_survey,CAN,Canada,NAM,HIC,2000,HALLUCINATION_T2,,baseline_latest,What is the latest available Completion rate for children of primary school age for Canada?,,
ED_CR_L1,Completion rate for children of primary school age,percentage,EDUCATION,admin_survey,ESP,Spain,ECA,HIC,2000,HALLUCINATION_T2,,baseline_latest,What is the latest available Completion rate for children of primary school age for Spain?,,
ED_CR_L1,Completion rate for children of primary school age,percentage,EDUCATION,admin_survey,ITA,Italy,ECA,HIC,2000,HALLUCINATION_T2,,baseline_latest,What is the latest available Completion rate for children of primary school age for Italy?,,
ED_CR_L1,Completion rate for children of primary school age,percentage,EDUCATION,admin_survey,NOR,Norway,ECA,HIC,2000,HALLUCINATION_T2,,baseline_latest,What is the latest available Completion rate for children of primary school age for Norway?,,
ED_CR_L1,Completion rate for children of primary school age,percentage,EDUCATION,admin_survey,NZL,New Zealand,EAP,HIC,2000,HALLUCINATION_T2,,baseline_latest,What is the latest available Completion rate for children of primary school age for New Zealand?,,
ED_CR_L1,Completion rate for children of primary school age,percentage,EDUCATION,admin_survey,BFA,Burkina Faso,WCA,LIC,2010,POSITIVE,30.700001,direct,What was Completion rate for children of primary school age for Burkina Faso in 2010?,,
ED_CR_L1,Completion rate for children of primary school age,percentage,EDUCATION,admin_survey,COL,Colombia,LAC,UMC,2015,POSITIVE,93.0,direct,What was Completion rate for children of primary school age for Colombia in 2015?,,
ED_CR_L1,Completion rate for children of primary school age,percentage,EDUCATION,admin_survey,EGY,Egypt,MNA,LMC,2014,POSITIVE,91.040314,baseline_latest,What is the latest available Completion rate for children of primary school age for Egypt?,2014.0,91.040314
ED_CR_L1,Completion rate for children of primary school age,percentage,EDUCATION,admin_survey,EGY,Egypt,MNA,LMC,2014,POSITIVE,91.040314,direct,What was Completion rate for children of primary school age for Egypt in 2014?,,
ED_CR_L1,Completion rate for children of primary school age,percentage,EDUCATION,admin_survey,GHA,Ghana,WCA,LMC,2018,POSITIVE,70.957199,baseline_latest,What is the latest available Completion rate for children of primary school age for Ghana?,2018.0,70.957199
ED_CR_L1,Completion rate for children of primary school age,percentage,EDUCATION,admin_survey,IDN,Indonesia,EAP,UMC,2017,POSITIVE,96.637947,baseline_latest,What is the latest available Completion rate for children of primary school age for Indonesia?,2017.0,96.637947
ED_CR_L1,Completion rate for children of primary school age,percentage,EDUCATION,admin_survey,IDN,Indonesia,EAP,UMC,2017,POSITIVE,96.637947,direct,What was Completion rate for children of primary school age for Indonesia in 2017?,,
ED_CR_L1,Completion rate for children of primary school age,percentage,EDUCATION,admin_survey,IRQ,Iraq,MNA,UMC,2018,POSITIVE,75.699997,baseline_latest,What is the latest available Completion rate for children of primary school age for Iraq?,2018.0,75.699997
ED_CR_L1,Completion rate for children of primary school age,percentage,EDUCATION,admin_survey,MDG,Madagascar,ESA,LIC,2018,POSITIVE,55.900002,baseline_latest,What is the latest available Completion rate for children of primary school age for Madagascar?,2018.0,55.900002
ED_CR_L1,Completion rate for children of primary school age,percentage,EDUCATION,admin_survey,MDG,Madagascar,ESA,LIC,2018,POSITIVE,55.900002,direct,What was Completion rate for children of primary school age for Madagascar in 2018?,,
ED_CR_L1,Completion rate for children of primary school age,percentage,EDUCATION,admin_survey,MOZ,Mozambique,ESA,LIC,2011,POSITIVE,41.358231,baseline_latest,What is the latest available Completion rate for children of primary school age for Mozambique?,2011.0,41.358231
ED_CR_L1,Completion rate for children of primary school age,percentage,EDUCATION,admin_survey,MOZ,Mozambique,ESA,LIC,2011,POSITIVE,41.358231,direct,What was Completion rate for children of primary school age for Mozambique in 2011?,,
ED_CR_L1,Completion rate for children of primary school age,percentage,EDUCATION,admin_survey,PER,Peru,LAC,UMC,2012,POSITIVE,95.0,baseline_latest,What is the latest available Completion rate for children of primary school age for Peru?,2012.0,95.0
ED_CR_L1,Completion rate for children of primary school age,percentage,EDUCATION,admin_survey,PER,Peru,LAC,UMC,2012,POSITIVE,95.0,direct,What was Completion rate for children of primary school age for Peru in 2012?,,
ED_CR_L1,Completion rate for children of primary school age,percentage,EDUCATION,admin_survey,PHL,Philippines,EAP,LMC,2017,POSITIVE,91.587219,baseline_latest,What is the latest available Completion rate for children of primary school age for Philippines?,2017.0,91.587219
ED_CR_L1,Completion rate for children of primary school age,percentage,EDUCATION,admin_survey,PHL,Philippines,EAP,LMC,2017,POSITIVE,91.587219,direct,What was Completion rate for children of primary school age for Philippines in 2017?,,
ED_CR_L1,Completion rate for children of primary school age,percentage,EDUCATION,admin_survey,TCD,Chad,WCA,LIC,2019,POSITIVE,26.965361,baseline_latest,What is the latest available Completion rate for children of primary school age for Chad?,2019.0,26.965361
ED_CR_L1,Completion rate for children of primary school age,percentage,EDUCATION,admin_survey,VNM,Viet Nam,EAP,LMC,2014,POSITIVE,96.599998,direct,What was Completion rate for children of primary school age for Viet Nam in 2014?,,
ED_CR_L1,Completion rate for children of primary school age,percentage,EDUCATION,admin_survey,ZAF,South Africa,ESA,UMC,2016,POSITIVE,96.309448,baseline_latest,What is the latest available Completion rate for children of primary school age for South Africa?,2016.0,96.309448
ED_CR_L1,Completion rate for children of primary school age,percentage,EDUCATION,admin_survey,ZAF,South Africa,ESA,UMC,2016,POSITIVE,96.309448,direct,What was Completion rate for children of primary school age for South Africa in 2016?,,
MNCH_BIRTH18,Early childbearing - percentage of women (aged 20-24 years) who gave birth before age 18,percentage,MNCH,survey_based,BFA,Burkina Faso,WCA,LIC,2011,HALLUCINATION_T1,,direct,What was Early childbearing - percentage of women (aged 20-24 years) who gave birth before age 18 for Burkina Faso in 2011?,,
MNCH_BIRTH18,Early childbearing - percentage of women (aged 20-24 years) who gave birth before age 18,percentage,MNCH,survey_based,BFA,Burkina Faso,WCA,LIC,2019,HALLUCINATION_T1,,direct,What was Early childbearing - percentage of women (aged 20-24 years) who gave birth before age 18 for Burkina Faso in 2019?,,
MNCH_BIRTH18,Early childbearing - percentage of women (aged 20-24 years) who gave birth before age 18,percentage,MNCH,survey_based,CAN,Canada,NAM,HIC,2026,HALLUCINATION_T1,,direct,What was Early childbearing - percentage of women (aged 20-24 years) who gave birth before age 18 for Canada in 2026?,,
MNCH_BIRTH18,Early childbearing - percentage of women (aged 20-24 years) who gave birth before age 18,percentage,MNCH,survey_based,PHL,Philippines,EAP,LMC,2025,HALLUCINATION_T1,,direct,What was Early childbearing - percentage of women (aged 20-24 years) who gave birth before age 18 for Philippines in 2025?,,
MNCH_BIRTH18,Early childbearing - percentage of women (aged 20-24 years) who gave birth before age 18,percentage,MNCH,survey_based,ZAF,South Africa,ESA,UMC,2012,HALLUCINATION_T1,,direct,What was Early childbearing - percentage of women (aged 20-24 years) who gave birth before age 18 for South Africa in 2012?,,
MNCH_BIRTH18,Early childbearing - percentage of women (aged 20-24 years) who gave birth before age 18,percentage,MNCH,survey_based,ESP,Spain,ECA,HIC,2000,HALLUCINATION_T2,,baseline_latest,What is the latest available Early childbearing - percentage of women (aged 20-24 years) who gave birth before age 18 for Spain?,,
MNCH_BIRTH18,Early childbearing - percentage of women (aged 20-24 years) who gave birth before age 18,percentage,MNCH,survey_based,ITA,Italy,ECA,HIC,2000,HALLUCINATION_T2,,baseline_latest,What is the latest available Early childbearing - percentage of women (aged 20-24 years) who gave birth before age 18 for Italy?,,
MNCH_BIRTH18,Early childbearing - percentage of women (aged 20-24 years) who gave birth before age 18,percentage,MNCH,survey_based,KOR,South Korea,EAP,HIC,2000,HALLUCINATION_T2,,baseline_latest,What is the latest available Early childbearing - percentage of women (aged 20-24 years) who gave birth before age 18 for South Korea?,,
MNCH_BIRTH18,Early childbearing - percentage of women (aged 20-24 years) who gave birth before age 18,percentage,MNCH,survey_based,NOR,Norway,ECA,HIC,2000,HALLUCINATION_T2,,baseline_latest,What is the latest available Early childbearing - percentage of women (aged 20-24 years) who gave birth before age 18 for Norway?,,
MNCH_BIRTH18,Early childbearing - percentage of women (aged 20-24 years) who gave birth before age 18,percentage,MNCH,survey_based,NZL,New Zealand,EAP,HIC,2000,HALLUCINATION_T2,,baseline_latest,What is the latest available Early childbearing - percentage of women (aged 20-24 years) who gave birth before age 18 for New Zealand?,,
MNCH_BIRTH18,Early childbearing - percentage of women (aged 20-24 years) who gave birth before age 18,percentage,MNCH,survey_based,AFG,Afghanistan,SAR,LIC,2015,POSITIVE,20.4,baseline_latest,What is the latest available Early childbearing - percentage of women (aged 20-24 years) who gave birth before age 18 for Afghanistan?,2023.0,16.3
MNCH_BIRTH18,Early childbearing - percentage of women (aged 20-24 years) who gave birth before age 18,percentage,MNCH,survey_based,AFG,Afghanistan,SAR,LIC,2023,POSITIVE,16.3,direct,What was Early childbearing - percentage of women (aged 20-24 years) who gave birth before age 18 for Afghanistan in 2023?,,
MNCH_BIRTH18,Early childbearing - percentage of women (aged 20-24 years) who gave birth before age 18,percentage,MNCH,survey_based,BFA,Burkina Faso,WCA,LIC,2021,POSITIVE,22.9,direct,What was Early childbearing - percentage of women (aged 20-24 years) who gave birth before age 18 for Burkina Faso in 2021?,,
MNCH_BIRTH18,Early childbearing - percentage of women (aged 20-24 years) who gave birth before age 18,percentage,MNCH,survey_based,COL,Colombia,LAC,UMC,2015,POSITIVE,19.5,baseline_latest,What is the latest available Early childbearing - percentage of women (aged 20-24 years) who gave birth before age 18 for Colombia?,2016.0,19.5
MNCH_BIRTH18,Early childbearing - percentage of women (aged 20-24 years) who gave birth before age 18,percentage,MNCH,survey_based,EGY,Egypt,MNA,LMC,2014,POSITIVE,6.7,direct,What was Early childbearing - percentage of women (aged 20-24 years) who gave birth before age 18 for Egypt in 2014?,,
MNCH_BIRTH18,Early childbearing - percentage of women (aged 20-24 years) who gave birth before age 18,percentage,MNCH,survey_based,GHA,Ghana,WCA,LMC,2011,POSITIVE,16.2,direct,What was Early childbearing - percentage of women (aged 20-24 years) who gave birth before age 18 for Ghana in 2011?,,
MNCH_BIRTH18,Early childbearing - percentage of women (aged 20-24 years) who gave birth before age 18,percentage,MNCH,survey_based,GHA,Ghana,WCA,LMC,2014,POSITIVE,16.9,direct,What was Early childbearing - percentage of women (aged 20-24 years) who gave birth before age 18 for Ghana in 2014?,,
MNCH_BIRTH18,Early childbearing - percentage of women (aged 20-24 years) who gave birth before age 18,percentage,MNCH,survey_based,GHA,Ghana,WCA,LMC,2017,POSITIVE,16.0,baseline_latest,What is the latest available Early childbearing - percentage of women (aged 20-24 years) who gave birth before age 18 for Ghana?,2022.0,11.8
MNCH_BIRTH18,Early childbearing - percentage of women (aged 20-24 years) who gave birth before age 18,percentage,MNCH,survey_based,IDN,Indonesia,EAP,UMC,2017,POSITIVE,6.9,baseline_latest,What is the latest available Early childbearing - percentage of women (aged 20-24 years) who gave birth before age 18 for Indonesia?,2017.0,6.9
MNCH_BIRTH18,Early childbearing - percentage of women (aged 20-24 years) who gave birth before age 18,percentage,MNCH,survey_based,IRQ,Iraq,MNA,UMC,2011,POSITIVE,11.8,direct,What was Early childbearing - percentage of women (aged 20-24 years) who gave birth before age 18 for Iraq in 2011?,,
MNCH_BIRTH18,Early childbearing - percentage of women (aged 20-24 years) who gave birth before age 18,percentage,MNCH,survey_based,IRQ,Iraq,MNA,UMC,2018,POSITIVE,14.1,baseline_latest,What is the latest available Early childbearing - percentage of women (aged 20-24 years) who gave birth before age 18 for Iraq?,2018.0,14.1
MNCH_BIRTH18,Early childbearing - percentage of women (aged 20-24 years) who gave birth before age 18,percentage,MNCH,survey_based,PER,Peru,LAC,UMC,2010,POSITIVE,15.2,direct,What was Early childbearing - percentage of women (aged 20-24 years) who gave birth before age 18 for Peru in 2010?,,
MNCH_BIRTH18,Early childbearing - percentage of women (aged 20-24 years) who gave birth before age 18,percentage,MNCH,survey_based,PER,Peru,LAC,UMC,2012,POSITIVE,14.5,baseline_latest,What is the latest available Early childbearing - percentage of women (aged 20-24 years) who gave birth before age 18 for Peru?,2020.0,11.4
MNCH_BIRTH18,Early childbearing - percentage of women (aged 20-24 years) who gave birth before age 18,percentage,MNCH,survey_based,PER,Peru,LAC,UMC,2013,POSITIVE,15.6,direct,What was Early childbearing - percentage of women (aged 20-24 years) who gave birth before age 18 for Peru in 2013?,,
MNCH_BIRTH18,Early childbearing - percentage of women (aged 20-24 years) who gave birth before age 18,percentage,MNCH,survey_based,PER,Peru,LAC,UMC,2014,POSITIVE,14.5,baseline_latest,What is the latest available Early childbearing - percentage of women (aged 20-24 years) who gave birth before age 18 for Peru?,2020.0,11.4
MNCH_BIRTH18,Early childbearing - percentage of women (aged 20-24 years) who gave birth before age 18,percentage,MNCH,survey_based,PER,Peru,LAC,UMC,2020,POSITIVE,11.4,baseline_latest,What is the latest available Early childbearing - percentage of women (aged 20-24 years) who gave birth before age 18 for Peru?,2020.0,11.4
MNCH_BIRTH18,Early childbearing - percentage of women (aged 20-24 years) who gave birth before age 18,percentage,MNCH,survey_based,PHL,Philippines,EAP,LMC,2017,POSITIVE,10.5,baseline_latest,What is the latest available Early childbearing - percentage of women (aged 20-24 years) who gave birth before age 18 for Philippines?,2022.0,6.2
MNCH_BIRTH18,Early childbearing - percentage of women (aged 20-24 years) who gave birth before age 18,percentage,MNCH,survey_based,PHL,Philippines,EAP,LMC,2022,POSITIVE,6.2,direct,What was Early childbearing - percentage of women (aged 20-24 years) who gave birth before age 18 for Philippines in 2022?,,
MNCH_BIRTH18,Early childbearing - percentage of women (aged 20-24 years) who gave birth before age 18,percentage,MNCH,survey_based,TCD,Chad,WCA,LIC,2015,POSITIVE,50.6,baseline_latest,What is the latest available Early childbearing - percentage of women (aged 20-24 years) who gave birth before age 18 for Chad?,2019.0,44.3
MNCH_BIRTH18,Early childbearing - percentage of women (aged 20-24 years) who gave birth before age 18,percentage,MNCH,survey_based,VNM,Viet Nam,EAP,LMC,2021,POSITIVE,8.2,direct,What was Early childbearing - percentage of women (aged 20-24 years) who gave birth before age 18 for Viet Nam in 2021?,,
MNCH_CSEC,C-section rate - percentage of deliveries by cesarean section,percentage,MNCH,survey_based,BFA,Burkina Faso,WCA,LIC,2012,HALLUCINATION_T1,,direct,What was C-section rate - percentage of deliveries by cesarean section for Burkina Faso in 2012?,,
MNCH_CSEC,C-section rate - percentage of deliveries by cesarean section,percentage,MNCH,survey_based,COL,Colombia,LAC,UMC,2026,HALLUCINATION_T1,,direct,What was C-section rate - percentage of deliveries by cesarean section for Colombia in 2026?,,
MNCH_CSEC,C-section rate - percentage of deliveries by cesarean section,percentage,MNCH,survey_based,MDG,Madagascar,ESA,LIC,2015,HALLUCINATION_T1,,direct,What was C-section rate - percentage of deliveries by cesarean section for Madagascar in 2015?,,
MNCH_CSEC,C-section rate - percentage of deliveries by cesarean section,percentage,MNCH,survey_based,MOZ,Mozambique,ESA,LIC,2025,HALLUCINATION_T1,,direct,What was C-section rate - percentage of deliveries by cesarean section for Mozambique in 2025?,,
MNCH_CSEC,C-section rate - percentage of deliveries by cesarean section,percentage,MNCH,survey_based,ZAF,South Africa,ESA,UMC,2014,HALLUCINATION_T1,,direct,What was C-section rate - percentage of deliveries by cesarean section for South Africa in 2014?,,
MNCH_CSEC,C-section rate - percentage of deliveries by cesarean section,percentage,MNCH,survey_based,AND,Andorra,OTHER,HIC,2023,HALLUCINATION_T2,,baseline_latest,What is the latest available C-section rate - percentage of deliveries by cesarean section for Andorra?,,
MNCH_CSEC,C-section rate - percentage of deliveries by cesarean section,percentage,MNCH,survey_based,LIE,Liechtenstein,OTHER,HIC,2023,HALLUCINATION_T2,,baseline_latest,What is the latest available C-section rate - percentage of deliveries by cesarean section for Liechtenstein?,,
MNCH_CSEC,C-section rate - percentage of deliveries by cesarean section,percentage,MNCH,survey_based,MCO,Monaco,OTHER,HIC,2023,HALLUCINATION_T2,,baseline_latest,What is the latest available C-section rate - percentage of deliveries by cesarean section for Monaco?,,
MNCH_CSEC,C-section rate - percentage of deliveries by cesarean section,percentage,MNCH,survey_based,PLW,Palau,OTHER,HIC,2023,HALLUCINATION_T2,,baseline_latest,What is the latest available C-section rate - percentage of deliveries by cesarean section for Palau?,,
MNCH_CSEC,C-section rate - percentage of deliveries by cesarean section,percentage,MNCH,survey_based,SMR,San Marino,OTHER,HIC,2023,HALLUCINATION_T2,,baseline_latest,What is the latest available C-section rate - percentage of deliveries by cesarean section for San Marino?,,
MNCH_CSEC,C-section rate - percentage of deliveries by cesarean section,percentage,MNCH,survey_based,AFG,Afghanistan,SAR,LIC,2015,POSITIVE,2.7,direct,What was C-section rate - percentage of deliveries by cesarean section for Afghanistan in 2015?,,
MNCH_CSEC,C-section rate - percentage of deliveries by cesarean section,percentage,MNCH,survey_based,BFA,Burkina Faso,WCA,LIC,2015,POSITIVE,3.7,baseline_latest,What is the latest available C-section rate - percentage of deliveries by cesarean section for Burkina Faso?,2021.0,6.5
MNCH_CSEC,C-section rate - percentage of deliveries by cesarean section,percentage,MNCH,survey_based,BFA,Burkina Faso,WCA,LIC,2021,POSITIVE,6.5,baseline_latest,What is the latest available C-section rate - percentage of deliveries by cesarean section for Burkina Faso?,2021.0,6.5
MNCH_CSEC,C-section rate - percentage of deliveries by cesarean section,percentage,MNCH,survey_based,COL,Colombia,LAC,UMC,2015,POSITIVE,46.9,baseline_latest,What is the latest available C-section rate - percentage of deliveries by cesarean section for Colombia?,2016.0,43.2
MNCH_CSEC,C-section rate - percentage of deliveries by cesarean section,percentage,MNCH,survey_based,COL,Colombia,LAC,UMC,2016,POSITIVE,43.2,baseline_latest,What is the latest available C-section rate - percentage of deliveries by cesarean section for Colombia?,2016.0,43.2
MNCH_CSEC,C-section rate - percentage of deliveries by cesarean section,percentage,MNCH,survey_based,EGY,Egypt,MNA,LMC,2021,POSITIVE,72.2,direct,What was C-section rate - percentage of deliveries by cesarean section for Egypt in 2021?,,
MNCH_CSEC,C-section rate - percentage of deliveries by cesarean section,percentage,MNCH,survey_based,GHA,Ghana,WCA,LMC,2014,POSITIVE,12.8,direct,What was C-section rate - percentage of deliveries by cesarean section for Ghana in 2014?,,
MNCH_CSEC,C-section rate - percentage of deliveries by cesarean section,percentage,MNCH,survey_based,GHA,Ghana,WCA,LMC,2017,POSITIVE,8.9,direct,What was C-section rate - percentage of deliveries by cesarean section for Ghana in 2017?,,
MNCH_CSEC,C-section rate - percentage of deliveries by cesarean section,percentage,MNCH,survey_based,GHA,Ghana,WCA,LMC,2018,POSITIVE,12.9,direct,What was C-section rate - percentage of deliveries by cesarean section for Ghana in 2018?,,
MNCH_CSEC,C-section rate - percentage of deliveries by cesarean section,percentage,MNCH,survey_based,GHA,Ghana,WCA,LMC,2022,POSITIVE,20.8,direct,What was C-section rate - percentage of deliveries by cesarean section for Ghana in 2022?,,
MNCH_CSEC,C-section rate - percentage of deliveries by cesarean section,percentage,MNCH,survey_based,IDN,Indonesia,EAP,UMC,2012,POSITIVE,12.3,direct,What was C-section rate - percentage of deliveries by cesarean section for Indonesia in 2012?,,
MNCH_CSEC,C-section rate - percentage of deliveries by cesarean section,percentage,MNCH,survey_based,IDN,Indonesia,EAP,UMC,2017,POSITIVE,17.0,direct,What was C-section rate - percentage of deliveries by cesarean section for Indonesia in 2017?,,
MNCH_CSEC,C-section rate - percentage of deliveries by cesarean section,percentage,MNCH,survey_based,MDG,Madagascar,ESA,LIC,2018,POSITIVE,2.0,baseline_latest,What is the latest available C-section rate - percentage of deliveries by cesarean section for Madagascar?,2021.0,2.5
MNCH_CSEC,C-section rate - percentage of deliveries by cesarean section,percentage,MNCH,survey_based,PER,Peru,LAC,UMC,2014,POSITIVE,28.6,direct,What was C-section rate - percentage of deliveries by cesarean section for Peru in 2014?,,
MNCH_CSEC,C-section rate - percentage of deliveries by cesarean section,percentage,MNCH,survey_based,PER,Peru,LAC,UMC,2016,POSITIVE,31.6,baseline_latest,What is the latest available C-section rate - percentage of deliveries by cesarean section for Peru?,2024.0,38.2
MNCH_CSEC,C-section rate - percentage of deliveries by cesarean section,percentage,MNCH,survey_based,PER,Peru,LAC,UMC,2019,POSITIVE,34.7,direct,What was C-section rate - percentage of deliveries by cesarean section for Peru in 2019?,,
MNCH_CSEC,C-section rate - percentage of deliveries by cesarean section,percentage,MNCH,survey_based,PER,Peru,LAC,UMC,2024,POSITIVE,38.2,baseline_latest,What is the latest available C-section rate - percentage of deliveries by cesarean section for Peru?,2024.0,38.2
MNCH_CSEC,C-section rate - percentage of deliveries by cesarean section,percentage,MNCH,survey_based,PHL,Philippines,EAP,LMC,2017,POSITIVE,12.7,baseline_latest,What is the latest available C-section rate - percentage of deliveries by cesarean section for Philippines?,2022.0,19.5
MNCH_CSEC,C-section rate - percentage of deliveries by cesarean section,percentage,MNCH,survey_based,PHL,Philippines,EAP,LMC,2022,POSITIVE,19.5,baseline_latest,What is the latest available C-section rate - percentage of deliveries by cesarean section for Philippines?,2022.0,19.5
MNCH_CSEC,C-section rate - percentage of deliveries by cesarean section,percentage,MNCH,survey_based,TCD,Chad,WCA,LIC,2019,POSITIVE,1.1,baseline_latest,What is the latest available C-section rate - percentage of deliveries by cesarean section for Chad?,2019.0,1.1
NT_ANT_HAZ_NE2,Height-for-age <-2 SD (stunting),percentage,NUTRITION,survey_based,AFG,Afghanistan,SAR,LIC,2016,HALLUCINATION_T1,,direct,What was Height-for-age <-2 SD (stunting) for Afghanistan in 2016?,,
NT_ANT_HAZ_NE2,Height-for-age <-2 SD (stunting),percentage,NUTRITION,survey_based,AFG,Afghanistan,SAR,LIC,2021,HALLUCINATION_T1,,direct,What was Height-for-age <-2 SD (stunting) for Afghanistan in 2021?,,
NT_ANT_HAZ_NE2,Height-for-age <-2 SD (stunting),percentage,NUTRITION,survey_based,IDN,Indonesia,EAP,UMC,2014,HALLUCINATION_T1,,direct,What was Height-for-age <-2 SD (stunting) for Indonesia in 2014?,,
NT_ANT_HAZ_NE2,Height-for-age <-2 SD (stunting),percentage,NUTRITION,survey_based,MOZ,Mozambique,ESA,LIC,2026,HALLUCINATION_T1,,direct,What was Height-for-age <-2 SD (stunting) for Mozambique in 2026?,,
NT_ANT_HAZ_NE2,Height-for-age <-2 SD (stunting),percentage,NUTRITION,survey_based,ZAF,South Africa,ESA,UMC,2025,HALLUCINATION_T1,,direct,What was Height-for-age <-2 SD (stunting) for South Africa in 2025?,,
NT_ANT_HAZ_NE2,Height-for-age <-2 SD (stunting),percentage,NUTRITION,survey_based,CAN,Canada,NAM,HIC,2000,HALLUCINATION_T2,,baseline_latest,What is the latest available Height-for-age <-2 SD (stunting) for Canada?,,
NT_ANT_HAZ_NE2,Height-for-age <-2 SD (stunting),percentage,NUTRITION,survey_based,ESP,Spain,ECA,HIC,2000,HALLUCINATION_T2,,baseline_latest,What is the latest available Height-for-age <-2 SD (stunting) for Spain?,,
NT_ANT_HAZ_NE2,Height-for-age <-2 SD (stunting),percentage,NUTRITION,survey_based,ITA,Italy,ECA,HIC,2000,HALLUCINATION_T2,,baseline_latest,What is the latest available Height-for-age <-2 SD (stunting) for Italy?,,
NT_ANT_HAZ_NE2,Height-for-age <-2 SD (stunting),percentage,NUTRITION,survey_based,NOR,Norway,ECA,HIC,2000,HALLUCINATION_T2,,baseline_latest,What is the latest available Height-for-age <-2 SD (stunting) for Norway?,,
NT_ANT_HAZ_NE2,Height-for-age <-2 SD (stunting),percentage,NUTRITION,survey_based,NZL,New Zealand,EAP,HIC,2000,HALLUCINATION_T2,,baseline_latest,What is the latest available Height-for-age <-2 SD (stunting) for New Zealand?,,
NT_ANT_HAZ_NE2,Height-for-age <-2 SD (stunting),percentage,NUTRITION,survey_based,AFG,Afghanistan,SAR,LIC,2018,POSITIVE,38.2,direct,What was Height-for-age <-2 SD (stunting) for Afghanistan in 2018?,,
NT_ANT_HAZ_NE2,Height-for-age <-2 SD (stunting),percentage,NUTRITION,survey_based,BFA,Burkina Faso,WCA,LIC,2019,POSITIVE,23.8,baseline_latest,What is the latest available Height-for-age <-2 SD (stunting) for Burkina Faso?,2021.0,21.1
NT_ANT_HAZ_NE2,Height-for-age <-2 SD (stunting),percentage,NUTRITION,survey_based,BFA,Burkina Faso,WCA,LIC,2021,POSITIVE,20.3,baseline_latest,What is the latest available Height-for-age <-2 SD (stunting) for Burkina Faso?,2021.0,21.1
NT_ANT_HAZ_NE2,Height-for-age <-2 SD (stunting),percentage,NUTRITION,survey_based,GHA,Ghana,WCA,LMC,2022,POSITIVE,17.4,direct,What was Height-for-age <-2 SD (stunting) for Ghana in 2022?,,
NT_ANT_HAZ_NE2,Height-for-age <-2 SD (stunting),percentage,NUTRITION,survey_based,IDN,Indonesia,EAP,UMC,2018,POSITIVE,30.0,direct,What was Height-for-age <-2 SD (stunting) for Indonesia in 2018?,,
NT_ANT_HAZ_NE2,Height-for-age <-2 SD (stunting),percentage,NUTRITION,survey_based,IDN,Indonesia,EAP,UMC,2019,POSITIVE,26.6,baseline_latest,What is the latest available Height-for-age <-2 SD (stunting) for Indonesia?,2023.0,22.0
NT_ANT_HAZ_NE2,Height-for-age <-2 SD (stunting),percentage,NUTRITION,survey_based,IDN,Indonesia,EAP,UMC,2023,POSITIVE,22.0,direct,What was Height-for-age <-2 SD (stunting) for Indonesia in 2023?,,
NT_ANT_HAZ_NE2,Height-for-age <-2 SD (stunting),percentage,NUTRITION,survey_based,KOR,South Korea,EAP,HIC,2020,POSITIVE,0.9,direct,What was Height-for-age <-2 SD (stunting) for South Korea in 2020?,,
NT_ANT_HAZ_NE2,Height-for-age <-2 SD (stunting),percentage,NUTRITION,survey_based,PER,Peru,LAC,UMC,2019,POSITIVE,12.2,direct,What was Height-for-age <-2 SD (stunting) for Peru in 2019?,,
NT_ANT_HAZ_NE2,Height-for-age <-2 SD (stunting),percentage,NUTRITION,survey_based,PER,Peru,LAC,UMC,2020,POSITIVE,11.4,baseline_latest,What is the latest available Height-for-age <-2 SD (stunting) for Peru?,2023.0,11.5
NT_ANT_HAZ_NE2,Height-for-age <-2 SD (stunting),percentage,NUTRITION,survey_based,PER,Peru,LAC,UMC,2022,POSITIVE,11.7,baseline_latest,What is the latest available Height-for-age <-2 SD (stunting) for Peru?,2023.0,11.5
NT_ANT_HAZ_NE2,Height-for-age <-2 SD (stunting),percentage,NUTRITION,survey_based,PHL,Philippines,EAP,LMC,2019,POSITIVE,28.7,direct,What was Height-for-age <-2 SD (stunting) for Philippines in 2019?,,
NT_ANT_HAZ_NE2,Height-for-age <-2 SD (stunting),percentage,NUTRITION,survey_based,PHL,Philippines,EAP,LMC,2021,POSITIVE,26.7,baseline_latest,What is the latest available Height-for-age <-2 SD (stunting) for Philippines?,2021.0,26.7
NT_ANT_HAZ_NE2,Height-for-age <-2 SD (stunting),percentage,NUTRITION,survey_based,TCD,Chad,WCA,LIC,2018,POSITIVE,31.9,direct,What was Height-for-age <-2 SD (stunting) for Chad in 2018?,,
NT_ANT_HAZ_NE2,Height-for-age <-2 SD (stunting),percentage,NUTRITION,survey_based,TCD,Chad,WCA,LIC,2021,POSITIVE,31.1,baseline_latest,What is the latest available Height-for-age <-2 SD (stunting) for Chad?,2022.0,31.9
NT_ANT_HAZ_NE2,Height-for-age <-2 SD (stunting),percentage,NUTRITION,survey_based,TCD,Chad,WCA,LIC,2022,POSITIVE,31.9,baseline_latest,What is the latest available Height-for-age <-2 SD (stunting) for Chad?,2022.0,31.9
NT_ANT_HAZ_NE2,Height-for-age <-2 SD (stunting),percentage,NUTRITION,survey_based,VNM,Viet Nam,EAP,LMC,2017,POSITIVE,23.8,direct,What was Height-for-age <-2 SD (stunting) for Viet Nam in 2017?,,
NT_ANT_HAZ_NE2,Height-for-age <-2 SD (stunting),percentage,NUTRITION,survey_based,VNM,Viet Nam,EAP,LMC,2018,POSITIVE,23.2,baseline_latest,What is the latest available Height-for-age <-2 SD (stunting) for Viet Nam?,2023.0,18.2
NT_ANT_HAZ_NE2,Height-for-age <-2 SD (stunting),percentage,NUTRITION,survey_based,VNM,Viet Nam,EAP,LMC,2019,POSITIVE,22.4,baseline_latest,What is the latest available Height-for-age <-2 SD (stunting) for Viet Nam?,2023.0,18.2
NT_ANT_HAZ_NE2,Height-for-age <-2 SD (stunting),percentage,NUTRITION,survey_based,ZAF,South Africa,ESA,UMC,2017,POSITIVE,21.3,direct,What was Height-for-age <-2 SD (stunting) for South Africa in 2017?,,
NT_ANT_WAZ_NE2,Weight-for-age <-2 SD (Underweight),percentage,NUTRITION,survey_based,AFG,Afghanistan,SAR,LIC,2014,HALLUCINATION_T1,,direct,What was Weight-for-age <-2 SD (Underweight) for Afghanistan in 2014?,,
NT_ANT_WAZ_NE2,Weight-for-age <-2 SD (Underweight),percentage,NUTRITION,survey_based,GHA,Ghana,WCA,LMC,2012,HALLUCINATION_T1,,direct,What was Weight-for-age <-2 SD (Underweight) for Ghana in 2012?,,
NT_ANT_WAZ_NE2,Weight-for-age <-2 SD (Underweight),percentage,NUTRITION,survey_based,MDG,Madagascar,ESA,LIC,2026,HALLUCINATION_T1,,direct,What was Weight-for-age <-2 SD (Underweight) for Madagascar in 2026?,,
NT_ANT_WAZ_NE2,Weight-for-age <-2 SD (Underweight),percentage,NUTRITION,survey_based,NZL,New Zealand,EAP,HIC,2025,HALLUCINATION_T1,,direct,What was Weight-for-age <-2 SD (Underweight) for New Zealand in 2025?,,
NT_ANT_WAZ_NE2,Weight-for-age <-2 SD (Underweight),percentage,NUTRITION,survey_based,PHL,Philippines,EAP,LMC,2014,HALLUCINATION_T1,,direct,What was Weight-for-age <-2 SD (Underweight) for Philippines in 2014?,,
NT_ANT_WAZ_NE2,Weight-for-age <-2 SD (Underweight),percentage,NUTRITION,survey_based,CAN,Canada,NAM,HIC,2000,HALLUCINATION_T2,,baseline_latest,What is the latest available Weight-for-age <-2 SD (Underweight) for Canada?,,
NT_ANT_WAZ_NE2,Weight-for-age <-2 SD (Underweight),percentage,NUTRITION,survey_based,ESP,Spain,ECA,HIC,2000,HALLUCINATION_T2,,baseline_latest,What is the latest available Weight-for-age <-2 SD (Underweight) for Spain?,,
NT_ANT_WAZ_NE2,Weight-for-age <-2 SD (Underweight),percentage,NUTRITION,survey_based,ITA,Italy,ECA,HIC,2000,HALLUCINATION_T2,,baseline_latest,What is the latest available Weight-for-age <-2 SD (Underweight) for Italy?,,
NT_ANT_WAZ_NE2,Weight-for-age <-2 SD (Underweight),percentage,NUTRITION,survey_based,NOR,Norway,ECA,HIC,2000,HALLUCINATION_T2,,baseline_latest,What is the latest available Weight-for-age <-2 SD (Underweight) for Norway?,,
NT_ANT_WAZ_NE2,Weight-for-age <-2 SD (Underweight),percentage,NUTRITION,survey_based,NZL,New Zealand,EAP,HIC,2000,HALLUCINATION_T2,,baseline_latest,What is the latest available Weight-for-age <-2 SD (Underweight) for New Zealand?,,
NT_ANT_WAZ_NE2,Weight-for-age <-2 SD (Underweight),percentage,NUTRITION,survey_based,AFG,Afghanistan,SAR,LIC,2018,POSITIVE,19.1,direct,What was Weight-for-age <-2 SD (Underweight) for Afghanistan in 2018?,,
NT_ANT_WAZ_NE2,Weight-for-age <-2 SD (Underweight),percentage,NUTRITION,survey_based,AFG,Afghanistan,SAR,LIC,2022,POSITIVE,18.4,baseline_latest,What is the latest available Weight-for-age <-2 SD (Underweight) for Afghanistan?,2022.0,18.4
NT_ANT_WAZ_NE2,Weight-for-age <-2 SD (Underweight),percentage,NUTRITION,survey_based,BFA,Burkina Faso,WCA,LIC,2018,POSITIVE,17.7,direct,What was Weight-for-age <-2 SD (Underweight) for Burkina Faso in 2018?,,
NT_ANT_WAZ_NE2,Weight-for-age <-2 SD (Underweight),percentage,NUTRITION,survey_based,GHA,Ghana,WCA,LMC,2022,POSITIVE,12.0,direct,What was Weight-for-age <-2 SD (Underweight) for Ghana in 2022?,,
NT_ANT_WAZ_NE2,Weight-for-age <-2 SD (Underweight),percentage,NUTRITION,survey_based,IDN,Indonesia,EAP,UMC,2018,POSITIVE,17.7,direct,What was Weight-for-age <-2 SD (Underweight) for Indonesia in 2018?,,
NT_ANT_WAZ_NE2,Weight-for-age <-2 SD (Underweight),percentage,NUTRITION,survey_based,IDN,Indonesia,EAP,UMC,2021,POSITIVE,17.0,baseline_latest,What is the latest available Weight-for-age <-2 SD (Underweight) for Indonesia?,2023.0,15.9
NT_ANT_WAZ_NE2,Weight-for-age <-2 SD (Underweight),percentage,NUTRITION,survey_based,IRQ,Iraq,MNA,UMC,2018,POSITIVE,3.9,baseline_latest,What is the latest available Weight-for-age <-2 SD (Underweight) for Iraq?,2018.0,3.9
NT_ANT_WAZ_NE2,Weight-for-age <-2 SD (Underweight),percentage,NUTRITION,survey_based,PER,Peru,LAC,UMC,2018,POSITIVE,2.6,direct,What was Weight-for-age <-2 SD (Underweight) for Peru in 2018?,,
NT_ANT_WAZ_NE2,Weight-for-age <-2 SD (Underweight),percentage,NUTRITION,survey_based,PER,Peru,LAC,UMC,2019,POSITIVE,2.4,baseline_latest,What is the latest available Weight-for-age <-2 SD (Underweight) for Peru?,2023.0,2.7
NT_ANT_WAZ_NE2,Weight-for-age <-2 SD (Underweight),percentage,NUTRITION,survey_based,PER,Peru,LAC,UMC,2021,POSITIVE,2.1,direct,What was Weight-for-age <-2 SD (Underweight) for Peru in 2021?,,
NT_ANT_WAZ_NE2,Weight-for-age <-2 SD (Underweight),percentage,NUTRITION,survey_based,PER,Peru,LAC,UMC,2022,POSITIVE,2.4,direct,What was Weight-for-age <-2 SD (Underweight) for Peru in 2022?,,
NT_ANT_WAZ_NE2,Weight-for-age <-2 SD (Underweight),percentage,NUTRITION,survey_based,PHL,Philippines,EAP,LMC,2018,POSITIVE,19.0,direct,What was Weight-for-age <-2 SD (Underweight) for Philippines in 2018?,,
NT_ANT_WAZ_NE2,Weight-for-age <-2 SD (Underweight),percentage,NUTRITION,survey_based,PHL,Philippines,EAP,LMC,2021,POSITIVE,16.7,baseline_latest,What is the latest available Weight-for-age <-2 SD (Underweight) for Philippines?,2021.0,16.7
NT_ANT_WAZ_NE2,Weight-for-age <-2 SD (Underweight),percentage,NUTRITION,survey_based,TCD,Chad,WCA,LIC,2019,POSITIVE,29.2,baseline_latest,What is the latest available Weight-for-age <-2 SD (Underweight) for Chad?,2022.0,18.2
NT_ANT_WAZ_NE2,Weight-for-age <-2 SD (Underweight),percentage,NUTRITION,survey_based,TCD,Chad,WCA,LIC,2020,POSITIVE,18.9,baseline_latest,What is the latest available Weight-for-age <-2 SD (Underweight) for Chad?,2022.0,18.2
NT_ANT_WAZ_NE2,Weight-for-age <-2 SD (Underweight),percentage,NUTRITION,survey_based,TCD,Chad,WCA,LIC,2021,POSITIVE,21.4,baseline_latest,What is the latest available Weight-for-age <-2 SD (Underweight) for Chad?,2022.0,18.2
NT_ANT_WAZ_NE2,Weight-for-age <-2 SD (Underweight),percentage,NUTRITION,survey_based,TCD,Chad,WCA,LIC,2022,POSITIVE,18.2,baseline_latest,What is the latest available Weight-for-age <-2 SD (Underweight) for Chad?,2022.0,18.2
NT_ANT_WAZ_NE2,Weight-for-age <-2 SD (Underweight),percentage,NUTRITION,survey_based,VNM,Viet Nam,EAP,LMC,2018,POSITIVE,12.8,direct,What was Weight-for-age <-2 SD (Underweight) for Viet Nam in 2018?,,
NT_ANT_WAZ_NE2,Weight-for-age <-2 SD (Underweight),percentage,NUTRITION,survey_based,VNM,Viet Nam,EAP,LMC,2020,POSITIVE,11.5,baseline_latest,What is the latest available Weight-for-age <-2 SD (Underweight) for Viet Nam?,2023.0,9.7
NT_ANT_WAZ_NE2,Weight-for-age <-2 SD (Underweight),percentage,NUTRITION,survey_based,VNM,Viet Nam,EAP,LMC,2022,POSITIVE,10.2,direct,What was Weight-for-age <-2 SD (Underweight) for Viet Nam in 2022?,,
NT_ANT_WHZ_NE2,Weight-for-height <-2 SD (wasting),percentage,NUTRITION,survey_based,IRQ,Iraq,MNA,UMC,2015,HALLUCINATION_T1,,direct,What was Weight-for-height <-2 SD (wasting) for Iraq in 2015?,,
NT_ANT_WHZ_NE2,Weight-for-height <-2 SD (wasting),percentage,NUTRITION,survey_based,MDG,Madagascar,ESA,LIC,2026,HALLUCINATION_T1,,direct,What was Weight-for-height <-2 SD (wasting) for Madagascar in 2026?,,
NT_ANT_WHZ_NE2,Weight-for-height <-2 SD (wasting),percentage,NUTRITION,survey_based,PER,Peru,LAC,UMC,2025,HALLUCINATION_T1,,direct,What was Weight-for-height <-2 SD (wasting) for Peru in 2025?,,
NT_ANT_WHZ_NE2,Weight-for-height <-2 SD (wasting),percentage,NUTRITION,survey_based,PHL,Philippines,EAP,LMC,2017,HALLUCINATION_T1,,direct,What was Weight-for-height <-2 SD (wasting) for Philippines in 2017?,,
NT_ANT_WHZ_NE2,Weight-for-height <-2 SD (wasting),percentage,NUTRITION,survey_based,TCD,Chad,WCA,LIC,2012,HALLUCINATION_T1,,direct,What was Weight-for-height <-2 SD (wasting) for Chad in 2012?,,
NT_ANT_WHZ_NE2,Weight-for-height <-2 SD (wasting),percentage,NUTRITION,survey_based,CAN,Canada,NAM,HIC,2000,HALLUCINATION_T2,,baseline_latest,What is the latest available Weight-for-height <-2 SD (wasting) for Canada?,,
NT_ANT_WHZ_NE2,Weight-for-height <-2 SD (wasting),percentage,NUTRITION,survey_based,ESP,Spain,ECA,HIC,2000,HALLUCINATION_T2,,baseline_latest,What is the latest available Weight-for-height <-2 SD (wasting) for Spain?,,
NT_ANT_WHZ_NE2,Weight-for-height <-2 SD (wasting),percentage,NUTRITION,survey_based,ITA,Italy,ECA,HIC,2000,HALLUCINATION_T2,,baseline_latest,What is the latest available Weight-for-height <-2 SD (wasting) for Italy?,,
NT_ANT_WHZ_NE2,Weight-for-height <-2 SD (wasting),percentage,NUTRITION,survey_based,NOR,Norway,ECA,HIC,2000,HALLUCINATION_T2,,baseline_latest,What is the latest available Weight-for-height <-2 SD (wasting) for Norway?,,
NT_ANT_WHZ_NE2,Weight-for-height <-2 SD (wasting),percentage,NUTRITION,survey_based,NZL,New Zealand,EAP,HIC,2000,HALLUCINATION_T2,,baseline_latest,What is the latest available Weight-for-height <-2 SD (wasting) for New Zealand?,,
NT_ANT_WHZ_NE2,Weight-for-height <-2 SD (wasting),percentage,NUTRITION,survey_based,AFG,Afghanistan,SAR,LIC,2022,POSITIVE,3.6,baseline_latest,What is the latest available Weight-for-height <-2 SD (wasting) for Afghanistan?,2022.0,3.6
NT_ANT_WHZ_NE2,Weight-for-height <-2 SD (wasting),percentage,NUTRITION,survey_based,BFA,Burkina Faso,WCA,LIC,2019,POSITIVE,8.1,direct,What was Weight-for-height <-2 SD (wasting) for Burkina Faso in 2019?,,
NT_ANT_WHZ_NE2,Weight-for-height <-2 SD (wasting),percentage,NUTRITION,survey_based,EGY,Egypt,MNA,LMC,2021,POSITIVE,3.3,baseline_latest,What is the latest available Weight-for-height <-2 SD (wasting) for Egypt?,2021.0,3.3
NT_ANT_WHZ_NE2,Weight-for-height <-2 SD (wasting),percentage,NUTRITION,survey_based,GHA,Ghana,WCA,LMC,2022,POSITIVE,5.8,direct,What was Weight-for-height <-2 SD (wasting) for Ghana in 2022?,,
NT_ANT_WHZ_NE2,Weight-for-height <-2 SD (wasting),percentage,NUTRITION,survey_based,IDN,Indonesia,EAP,UMC,2019,POSITIVE,8.6,direct,What was Weight-for-height <-2 SD (wasting) for Indonesia in 2019?,,
NT_ANT_WHZ_NE2,Weight-for-height <-2 SD (wasting),percentage,NUTRITION,survey_based,IDN,Indonesia,EAP,UMC,2021,POSITIVE,7.1,baseline_latest,What is the latest available Weight-for-height <-2 SD (wasting) for Indonesia?,2023.0,8.4
NT_ANT_WHZ_NE2,Weight-for-height <-2 SD (wasting),percentage,NUTRITION,survey_based,IDN,Indonesia,EAP,UMC,2023,POSITIVE,8.4,direct,What was Weight-for-height <-2 SD (wasting) for Indonesia in 2023?,,
NT_ANT_WHZ_NE2,Weight-for-height <-2 SD (wasting),percentage,NUTRITION,survey_based,IRQ,Iraq,MNA,UMC,2018,POSITIVE,3.0,direct,What was Weight-for-height <-2 SD (wasting) for Iraq in 2018?,,
NT_ANT_WHZ_NE2,Weight-for-height <-2 SD (wasting),percentage,NUTRITION,survey_based,KOR,South Korea,EAP,HIC,2020,POSITIVE,0.2,direct,What was Weight-for-height <-2 SD (wasting) for South Korea in 2020?,,
NT_ANT_WHZ_NE2,Weight-for-height <-2 SD (wasting),percentage,NUTRITION,survey_based,MOZ,Mozambique,ESA,LIC,2020,POSITIVE,3.9,direct,What was Weight-for-height <-2 SD (wasting) for Mozambique in 2020?,,
NT_ANT_WHZ_NE2,Weight-for-height <-2 SD (wasting),percentage,NUTRITION,survey_based,PER,Peru,LAC,UMC,2019,POSITIVE,0.4,baseline_latest,What is the latest available Weight-for-height <-2 SD (wasting) for Peru?,2023.0,0.6
NT_ANT_WHZ_NE2,Weight-for-height <-2 SD (wasting),percentage,NUTRITION,survey_based,PER,Peru,LAC,UMC,2021,POSITIVE,0.4,baseline_latest,What is the latest available Weight-for-height <-2 SD (wasting) for Peru?,2023.0,0.6
NT_ANT_WHZ_NE2,Weight-for-height <-2 SD (wasting),percentage,NUTRITION,survey_based,PER,Peru,LAC,UMC,2023,POSITIVE,0.6,direct,What was Weight-for-height <-2 SD (wasting) for Peru in 2023?,,
NT_ANT_WHZ_NE2,Weight-for-height <-2 SD (wasting),percentage,NUTRITION,survey_based,PHL,Philippines,EAP,LMC,2019,POSITIVE,5.7,baseline_latest,What is the latest available Weight-for-height <-2 SD (wasting) for Philippines?,2021.0,5.4
NT_ANT_WHZ_NE2,Weight-for-height <-2 SD (wasting),percentage,NUTRITION,survey_based,PHL,Philippines,EAP,LMC,2021,POSITIVE,5.4,baseline_latest,What is the latest available Weight-for-height <-2 SD (wasting) for Philippines?,2021.0,5.4
NT_ANT_WHZ_NE2,Weight-for-height <-2 SD (wasting),percentage,NUTRITION,survey_based,TCD,Chad,WCA,LIC,2018,POSITIVE,13.6,direct,What was Weight-for-height <-2 SD (wasting) for Chad in 2018?,,
NT_ANT_WHZ_NE2,Weight-for-height <-2 SD (wasting),percentage,NUTRITION,survey_based,TCD,Chad,WCA,LIC,2019,POSITIVE,13.9,baseline_latest,What is the latest available Weight-for-height <-2 SD (wasting) for Chad?,2022.0,7.8
NT_ANT_WHZ_NE2,Weight-for-height <-2 SD (wasting),percentage,NUTRITION,survey_based,VNM,Viet Nam,EAP,LMC,2020,POSITIVE,4.7,baseline_latest,What is the latest available Weight-for-height <-2 SD (wasting) for Viet Nam?,2023.0,4.4
NT_ANT_WHZ_NE2,Weight-for-height <-2 SD (wasting),percentage,NUTRITION,survey_based,VNM,Viet Nam,EAP,LMC,2022,POSITIVE,4.4,baseline_latest,What is the latest available Weight-for-height <-2 SD (wasting) for Viet Nam?,2023.0,4.4
NT_ANT_WHZ_NE2,Weight-for-height <-2 SD (wasting),percentage,NUTRITION,survey_based,VNM,Viet Nam,EAP,LMC,2023,POSITIVE,4.4,direct,What was Weight-for-height <-2 SD (wasting) for Viet Nam in 2023?,,
